<?xml version="1.0" encoding="UTF-8"?>

<beans xmlns="http://www.springframework.org/schema/beans"
	xmlns:xsi="http://www.w3.org/2001/XMLSchema-instance" xmlns:context="http://www.springframework.org/schema/context"
	xsi:schemaLocation="http://www.springframework.org/schema/beans
     http://www.springframework.org/schema/beans/spring-beans-4.0.xsd
     http://www.springframework.org/schema/context
     http://www.springframework.org/schema/context/spring-context-4.0.xsd">
	
	
	<bean id="sbu" class="com.cg.SBU">
	
	<property name="sbuInt" value="12"></property>
	<property name="sbuName" value="Har"></property>
	<property name="sbuHead" value="400.0"></property>
	</bean>
	
	<bean id="emp" class="com.cg.Employee">
	
	<property name="employeeId" value="12345"></property>
	<property name="employeeName" value="Harriet"></property>
	<property name="salary" value="40000.0"></property>
	</bean>
	
	 
</beans>