<?xml version="1.0" encoding="UTF-8"?>


<beans xmlns="http://www.springframework.org/schema/beans"
	xmlns:xsi="http://www.w3.org/2001/XMLSchema-instance" xmlns:context="http://www.springframework.org/schema/context"
	xsi:schemaLocation="http://www.springframework.org/schema/beans
     http://www.springframework.org/schema/beans/spring-beans-4.0.xsd
     http://www.springframework.org/schema/context
     http://www.springframework.org/schema/context/spring-context-4.0.xsd">
     
	<bean id="tran" class="com.cg.springone.service.Triangle">
	<property name="sides" value="10"></property>
	</bean>
	
	<bean id="cir" class="com.cg.springone.service.Circle">
	<property name="radius" value="3"></property>
	</bean>
	
	<bean id="mob" class="com.cg.springone.service.Mobile"></bean>
		 
	
	 
</beans>